experiment,m,k,n,rows,cols,bandwidth,latency,scratchpad,seed,input_sha256,verified,load_cycles,compute_cycles,store_cycles,load_bytes,store_bytes,link_bytes,useful_macs,scratchpad_reads,masked_pe_cycles,total_cycles,tile_count,external_bytes,peak_operand_bytes,compute_utilization,overall_utilization,macs_per_external_byte,naive_external_bytes
array_sweep,32,32,32,2,2,16,2,32768,7,d71b59162f810aec235a4a3ea7e76ec52e1d022374c2d0013d6e6bab3d6d96af,True,2560,8704,768,32768,4096,32768,32768,32768,0,12032,256,36864,128,0.9411764705882353,0.6808510638297872,0.8888888888888888,69632
array_sweep,32,32,32,4,4,16,2,32768,7,d71b59162f810aec235a4a3ea7e76ec52e1d022374c2d0013d6e6bab3d6d96af,True,1152,2432,384,16384,4096,49152,32768,16384,0,3968,64,20480,256,0.8421052631578947,0.5161290322580645,1.6,69632
array_sweep,32,32,32,8,8,16,2,32768,7,d71b59162f810aec235a4a3ea7e76ec52e1d022374c2d0013d6e6bab3d6d96af,True,544,736,288,8192,4096,57344,32768,8192,0,1568,16,12288,512,0.6956521739130435,0.32653061224489793,2.6666666666666665,69632
bandwidth_sweep,32,32,32,8,8,1,2,32768,7,d71b59162f810aec235a4a3ea7e76ec52e1d022374c2d0013d6e6bab3d6d96af,True,8224,736,4128,8192,4096,57344,32768,8192,0,13088,16,12288,512,0.6956521739130435,0.039119804400977995,2.6666666666666665,69632
bandwidth_sweep,32,32,32,8,8,4,2,32768,7,d71b59162f810aec235a4a3ea7e76ec52e1d022374c2d0013d6e6bab3d6d96af,True,2080,736,1056,8192,4096,57344,32768,8192,0,3872,16,12288,512,0.6956521739130435,0.1322314049586777,2.6666666666666665,69632
bandwidth_sweep,32,32,32,8,8,16,2,32768,7,d71b59162f810aec235a4a3ea7e76ec52e1d022374c2d0013d6e6bab3d6d96af,True,544,736,288,8192,4096,57344,32768,8192,0,1568,16,12288,512,0.6956521739130435,0.32653061224489793,2.6666666666666665,69632
bandwidth_sweep,32,32,32,8,8,64,2,32768,7,d71b59162f810aec235a4a3ea7e76ec52e1d022374c2d0013d6e6bab3d6d96af,True,160,736,96,8192,4096,57344,32768,8192,0,992,16,12288,512,0.6956521739130435,0.5161290322580645,2.6666666666666665,69632
edge_tiles,8,16,8,4,4,16,2,32768,7,8bcbf82af11f7a04455577d8e62c565b37b841a3e8b5071648f0c4bd1dfbb328,True,40,88,24,512,256,1536,1024,512,0,152,4,768,128,0.7272727272727273,0.42105263157894735,1.3333333333333333,2304
edge_tiles,9,16,9,4,4,16,2,32768,7,33511971a2d1d4fd1ade5154769a83bdf767069524dad85c3d39e8c4e6960122,True,72,180,39,864,324,1728,1296,864,1152,291,9,1188,128,0.45,0.27835051546391754,1.0909090909090908,2916
edge_tiles,5,7,3,4,4,16,2,32768,7,f2f79a6a09e69155b173da55ae7a718659bfabd260db48306a19748e9879b158,True,10,21,8,77,60,133,105,77,165,39,2,137,49,0.3125,0.16826923076923078,0.7664233576642335,270
edge_tiles,1,32,16,4,4,16,2,32768,7,2b7ba1ff4d62280230ba0fb5f5fdcb309807ba51ff2176b1c3dd94bb2f6d8a2d,True,48,140,12,640,64,384,512,640,1680,200,4,704,160,0.22857142857142856,0.16,0.7272727272727273,1088
